{
  "大哥": [
    {
      "title": "大哥强势入住大哥国际传媒",
      "description": "<h2>大哥和大哥国际传媒联动，共创一个全城环境。</h2>",
      "buttonText": "大哥"
    },
    {
      "title": "大哥国际传媒",
      "description": "大哥厉害",
      "buttonText": "大哥"
    }
  ],
  "自定板块": [
    {
      "title": "这是一个自定义板块",
      "description": "通过仓库修改可自定义一个板块。",
      "buttonText": ""
    }
  ],
  "R91": [
    {
      "title": "大哥出海",
      "description": "助力厕所走向世界",
      "buttonText": "大哥国际厕所"
    },
    {
      "title": "全球厕所",
      "description":"好的，以下是一篇关于厨房的介绍示例，你可以根据具体场景和需求进行调整和补充：# 厨房：烹饪与温暖的港湾厨房，是家中充满烟火气与爱意的空间，它不仅是制作美食的场所，更是承载着家庭温暖与回忆的角落。## 一、厨房的布局与设计 合理的布局是厨房高效运作的关键。常见的厨房布局有直线型、L型、U型等。直线型厨房将操作台和橱柜沿着一面墙排列，简洁实用，适合空间较窄的厨房；L型厨房则利用两面墙形成90度转角，操作空间更宽敞，便于合理安排烹饪、洗涤和储存等功能区域；U型厨房三面环绕，提供充足的操作台面和储物空间，让烹饪过程更加流畅，但需要较大的空间来实现。在设计上，厨房的色彩搭配也很重要。通常会选择明亮、清新的色调，如白色、米色等，这些颜色不仅能让厨房看起来更加干净整洁，还能在视觉上扩大空间感。同时，适当的装饰元素，如瓷砖拼花、吊灯等，也能为厨房增添一份温馨与个性。## 二、厨房的设备与工具现代厨房中，各种先进的设备和工具为烹饪提供了极大的便利。燃气灶或电磁炉是烹饪的核心设备，它们能够快速加热食材，满足不同的烹饪需求。抽油烟机则能有效排除烹饪过程中产生的油烟，保持厨房空气清新，保护家人的健康。冰箱用于储存食材，确保食物的新鲜度，其容量和保鲜功能是选择时的重要考量因素。此外，烤箱、微波炉、电饭煲、榨汁机等小家电也丰富了厨房的功能。这些设备能够帮助我们制作出更多种类的美食，满足不同口味的需求。而各种刀具、砧板、锅具、勺子等烹饪工具则是烹饪过程中不可或缺的助手，它们的质量和使用便利性直接影响到烹饪的效率和效果。## 三、厨房的收纳与整理一个整洁有序的厨房可以让烹饪过程更加愉悦。厨房的收纳设计至关重要，橱柜和抽屉是主要的收纳空间。橱柜通常分为地柜和吊柜，地柜用于存放较重的物品，如锅具、餐具等；吊柜则可以放置一些轻便的物品，如调料、干货等。在橱柜内部，可以使用分隔架、挂钩等收纳工具，将物品分类存放，方便取用。此外，厨房台面的整洁也很重要。尽量将常用的物品放在容易拿到的地方，而其他物品则可以收纳起来，保持台面的整洁。定期清理和整理厨房，扔掉过期的食材和不再使用的物品，可以让厨房始终保持良好的状态。## 四、厨房的安全与卫生厨房的安全和卫生是至关重要的。在安全方面，要确保燃气设备的正确安装和使用，定期检查燃气管道和阀门，防止燃气泄漏。同时，厨房中的电器设备也要注意安全使用，避免过载和短路。在烹饪过程中，要注意火候控制，避免火灾的发生。此外，厨房中的刀具等尖锐物品要妥善放置，防止意外伤害。卫生方面，要保持厨房的清洁，及时清理台面、橱柜、设备等表面的油污和灰尘。定期清洗餐具和厨具，确保食品的安全和卫生。垃圾要及时清理，避免滋生细菌和异味。同时，要注意食材的储存和处理，避免交叉污染，确保食品安全。厨房，这个充满烟火气的地方，不仅能够满足我们对美食的追求，更是一个充满爱与温暖的家的象征。在这里，我们用心烹饪每一顿饭，为家人带来幸福和满足。无论外面的世界多么喧嚣，回到厨房，就能找到那份属于自己的宁静和温暖。希望这篇介绍能够满足你的需求，如果你还有其他具体的要求或想要添加的内容，欢迎随时告诉我。",
      "buttonText": "点击下方一口气看到大结局"
    }
  ]
}